Beta,Energy,Energy Squared,Magnetization,Magnetization Squared,Absolute Magnetization,Specific Heat,Susceptibility,Cluster Size,Non-Wrapping Cluster Size,Wrapping Probability,Dominant Frequency,Dominant Amplitude,Rho T,Unique Families,Overlap,Absolute Overlap,Overlap Variance,Free Energy
0,-2.1582e-05,2.58333,1.40625e-05,0.977914,0.0247531,0,0,0.974503,0.974523,0.0254719,0.218309,1.8104,1,10000,-0.000616211,0.0247412,998.249,0
0.00467866,-0.0122765,2.72327,-0.000241255,1.01369,0.0251983,5.62338e-05,0.0017007,1.00185,1.00212,0.023606,0.21443,1.83266,1.19149,9040,-0.000493271,0.0246453,1009.71,0.0289246
0.0093704,-0.0235886,3.09347,0.000252834,1.02463,0.0252486,0.000221591,0.00348424,1.0298,1.0301,0.0227645,0.215057,1.83879,1.39615,8218,0.000437498,0.0248474,1022.31,0.0288071
0.014104,-0.0362466,3.86735,-0.000434682,1.04685,0.0255787,0.000501686,0.00531549,1.05997,1.06007,0.0212702,0.212684,1.84745,1.58686,7556,0.00011407,0.0253732,1048.21,0.0289562
0.0188392,-0.0478246,4.82072,-0.000481897,1.02608,0.0253515,0.000879708,0.00693197,1.08692,1.08712,0.0235442,0.212794,1.85618,1.78788,7018,0.000289374,0.0248797,1023.02,0.028826
0.0236157,-0.0594632,6.08725,-8.69367e-05,1.07889,0.0259382,0.00137557,0.009209,1.11771,1.11773,0.0239682,0.208229,1.87192,1.96785,6541,6.19571e-05,0.0249078,1031.54,0.0289014
0.0284038,-0.0706746,7.55035,-0.000293106,1.04382,0.0254247,0.00196497,0.0108472,1.15069,1.15072,0.0237752,0.206259,1.87498,2.17522,6098,0.000118964,0.0247078,1011.03,0.0289301
0.0332223,-0.0829296,9.49059,7.04129e-05,1.08625,0.0259114,0.00270216,0.013247,1.18596,1.186,0.023514,0.204776,1.88936,2.38116,5724,0.0002538,0.0250517,1030.32,0.0288432
0.0380283,-0.0942141,11.5446,0.000201852,1.07751,0.0258027,0.00355066,0.0150499,1.22201,1.22203,0.0234034,0.204572,1.9014,2.60187,5380,0.000319713,0.0252444,1049.38,0.0288771
0.0428275,-0.105604,13.8637,0.000301608,1.10433,0.0263381,0.00448228,0.0168737,1.26292,1.26296,0.0208704,0.203191,1.90942,2.80749,5103,-0.0001812,0.0254303,1058.62,0.0288845
0.0476379,-0.117618,16.5451,0.000134624,1.11467,0.0263521,0.00539897,0.019225,1.30126,1.30128,0.02284,0.201221,1.91903,3.01161,4840,0.000170771,0.0250354,1034.78,0.0289537
0.0525133,-0.129161,19.477,-4.69407e-05,1.11836,0.0263181,0.00660205,0.0214829,1.34732,1.34733,0.0201774,0.199163,1.93899,3.19855,4626,0.000162337,0.025278,1058.95,0.0289412
0.0573733,-0.141057,22.7411,0.000246541,1.14055,0.0265563,0.0077899,0.024004,1.39137,1.39155,0.0205896,0.198641,1.94418,3.42445,4392,0.00022028,0.0250539,1031.59,0.0288915
0.0622616,-0.152139,26.0815,-0.000272693,1.18342,0.0270562,0.00922512,0.0270098,1.43545,1.43546,0.0223279,0.19674,1.95917,3.62009,4219,-0.000280333,0.0254766,1065.14,0.028881
0.0671363,-0.164967,30.1841,0.000396545,1.18881,0.0272491,0.0104421,0.0287666,1.48513,1.48514,0.0226344,0.194826,1.97508,3.79568,4044,9.99693e-06,0.0249733,1032.25,0.028917
0.0720768,-0.175814,33.9464,0.000649676,1.16023,0.026916,0.0119171,0.030155,1.53661,1.53663,0.0230226,0.196051,1.98351,3.95572,3902,-0.000194649,0.0253625,1058.63,0.0289559
0.0770419,-0.186637,37.9936,0.000135888,1.18348,0.0271092,0.0137966,0.0332,1.59182,1.59183,0.0227396,0.19368,1.99637,4.09764,3772,1.28675e-05,0.0252448,1057.82,0.0289523
0.0819742,-0.198277,42.5624,0.000153783,1.20318,0.0274039,0.0154885,0.0355916,1.65323,1.65328,0.0216221,0.19189,2.01479,4.31829,3632,-0.00018052,0.0251648,1049.13,0.0289754
0.0869274,-0.209349,47.223,0.000444676,1.23624,0.0278092,0.0177125,0.0386246,1.71378,1.71442,0.0222838,0.191595,2.03051,4.47901,3507,0.000126014,0.0254673,1062.27,0.028873
0.091839,-0.220872,52.23,0.000132286,1.21129,0.027342,0.0191851,0.0409387,1.77815,1.7782,0.0223506,0.188776,2.03881,4.6258,3394,-0.000447028,0.0252262,1044.1,0.0288971
0.0968251,-0.233488,58.0959,0.000184164,1.26401,0.027992,0.0212878,0.0446998,1.85096,1.85091,0.0219304,0.18681,2.0539,4.85177,3281,-0.000204058,0.0252039,1039.06,0.0289788
0.101815,-0.243708,63.0684,0.000189392,1.27018,0.0281045,0.0233183,0.0469738,1.92385,1.92384,0.0213294,0.18553,2.0703,5.0491,3186,0.000141946,0.0255549,1070,0.0289439
0.106829,-0.256115,69.4244,0.000372284,1.27283,0.0281511,0.0257359,0.049283,2.00415,2.00415,0.0215897,0.184375,2.08344,5.22634,3098,2.9853e-05,0.0254767,1074.26,0.0289427
0.111837,-0.26726,75.4388,-0.000244043,1.2942,0.0284026,0.0287268,0.0523547,2.08586,2.08609,0.0212811,0.184291,2.10341,5.44281,2997,4.21033e-05,0.0257555,1093.34,0.0288941
0.116799,-0.277082,80.945,0.000230599,1.25708,0.0279853,0.0317563,0.0531555,2.17571,2.1757,0.0214574,0.182363,2.10093,5.69171,2894,-0.00060937,0.0257771,1095.38,0.0289197
0.121728,-0.288802,87.6705,-0.000264592,1.31889,0.0285501,0.0335189,0.058943,2.2674,2.2674,0.0205209,0.181106,2.12459,5.9062,2823,-0.000315083,0.0261813,1126.08,0.0288588
0.126728,-0.299712,94.2524,-0.000370541,1.33947,0.0288263,0.0364472,0.0619153,2.36365,2.36361,0.0207188,0.179529,2.14177,6.10139,2753,0.00116748,0.0259918,1116.62,0.0291272
0.131719,-0.311426,101.606,-0.000859398,1.31733,0.0286574,0.0397734,0.0627467,2.47018,2.47023,0.0214154,0.180527,2.15863,6.25775,2685,0.000498968,0.0258869,1103.91,0.0288782
0.136686,-0.32264,108.865,-0.000380822,1.34736,0.0290693,0.0424025,0.0658897,2.58682,2.58804,0.0182381,0.179524,2.174,6.42115,2622,-2.70349e-05,0.0261486,1131.82,0.0289138
0.141677,-0.333157,115.867,0.000202775,1.36299,0.0290796,0.044342,0.0704229,2.70175,2.70177,0.0206799,0.179755,2.19092,6.61705,2551,-0.00019164,0.0261793,1123.3,0.0288938
0.146737,-0.344829,123.97,-2.15533e-06,1.35135,0.0289126,0.0475615,0.0726855,2.83123,2.83119,0.019948,0.178129,2.20512,6.83769,2481,4.87889e-05,0.0263556,1138.73,0.028875
0.151797,-0.356139,132.11,-8.26564e-05,1.39546,0.0295162,0.0514148,0.0764059,2.97142,2.96768,0.0200523,0.176295,2.22495,7.05336,2417,-0.000172381,0.0263071,1130.6,0.0288297
0.156831,-0.367713,140.683,-0.000221794,1.4067,0.0295859,0.054722,0.0800422,3.13198,3.12534,0.018449,0.176788,2.24464,7.27737,2358,-0.000101173,0.0263153,1143.03,0.0291201
0.161872,-0.378368,148.804,-0.000154277,1.42933,0.0297444,0.0577822,0.0847181,3.27507,3.27512,0.0171347,0.175869,2.26145,7.50578,2306,1.01807e-05,0.0262341,1130.87,0.0291903
0.166936,-0.3893,157.391,-0.000310849,1.4435,0.0299638,0.0612973,0.0874962,3.43672,3.43665,0.0188052,0.173822,2.27953,7.694,2257,0.000224578,0.0266512,1171.33,0.0289376
0.172007,-0.400648,166.569,-0.000119925,1.44706,0.0298298,0.065013,0.0921766,3.60011,3.6001,0.0208499,0.175429,2.30141,7.95034,2211,-6.96152e-05,0.026624,1168.2,0.0289991
0.17708,-0.412721,176.576,-0.000197529,1.45632,0.0299307,0.0674023,0.0954407,3.79933,3.79921,0.0205678,0.173489,2.32387,8.21049,2156,0.000132204,0.0267893,1174.87,0.0289194
0.182209,-0.422652,185.103,-0.00016881,1.49391,0.0306062,0.0724124,0.0974259,3.99735,3.99734,0.0209543,0.173168,2.34137,8.40175,2103,-0.000647529,0.0269745,1205.73,0.0290517
0.1873,-0.434192,195.237,-0.000244335,1.44674,0.0300529,0.0768228,0.0977501,4.23677,4.23678,0.0153633,0.174448,2.35947,8.48859,2065,-0.000138814,0.0274323,1234.02,0.0289344
0.192382,-0.445548,205.516,0.00030957,1.45336,0.0301576,0.0828454,0.100433,4.4871,4.48706,0.0146579,0.173106,2.3773,8.8008,2012,0.000205078,0.0268762,1195.54,0.0288189
0.197408,-0.456701,215.757,4.33466e-05,1.48651,0.0302705,0.0847659,0.108222,4.70885,4.70875,0.0175933,0.173066,2.40802,8.94888,1966,-0.000107103,0.0272032,1216.83,0.0288978
0.202507,-0.467837,226.294,-0.000694501,1.50899,0.0304621,0.088982,0.113157,4.99112,4.99101,0.0174442,0.171365,2.42832,9.16826,1917,-0.000352821,0.0276852,1260.98,0.0288939
0.207612,-0.477995,236.146,-0.000590697,1.46766,0.030154,0.0941147,0.111398,5.33783,5.33762,0.00738008,0.174316,2.44329,9.37249,1880,0.0002497,0.0275864,1247.47,0.029007
0.212701,-0.488914,246.956,-0.000449681,1.51795,0.0305754,0.0987303,0.119253,5.65966,5.65926,0.00628595,0.173913,2.46943,9.58686,1843,0.0007142,0.0274784,1243.1,0.0289501
0.217792,-0.500842,258.995,0.000264228,1.52375,0.0307347,0.101149,0.121192,5.94491,5.94448,0.0148337,0.172614,2.49284,9.82281,1804,-0.000158537,0.0283427,1332.3,0.0289943
0.222941,-0.511076,269.64,-0.000385625,1.54551,0.0311159,0.107975,0.123525,6.30509,6.30592,0.0149804,0.172662,2.51085,10.0453,1768,-0.000206297,0.0281847,1293.71,0.0289147
0.228043,-0.5233,282.613,0.000258566,1.59203,0.0313817,0.114345,0.133081,6.87845,6.71128,0.0147054,0.17122,2.54842,10.1856,1743,-0.000443874,0.0281512,1295.18,0.0290524
0.233115,-0.533387,293.541,-0.00011228,1.52686,0.0307985,0.120126,0.129507,7.1507,7.14901,0.0166138,0.172827,2.55975,10.3203,1719,0.000212783,0.0283503,1330.96,0.0302583
0.238172,-0.544088,305.371,-0.000379915,1.53586,0.0309072,0.126714,0.132824,7.73105,7.55775,0.0169388,0.173044,2.59243,10.4706,1692,-3.51774e-05,0.0282474,1318.46,0.0289899
0.243204,-0.555973,318.689,0.000449211,1.55643,0.0310654,0.128024,0.138189,8.12955,8.1248,0.0109762,0.173738,2.61691,10.6436,1654,4.51567e-06,0.0285043,1346.5,0.0300219
0.248315,-0.567427,331.862,-0.000123889,1.56183,0.0311611,0.133248,0.14092,8.63335,8.62683,0.0161648,0.172382,2.64207,10.7949,1625,0.000361442,0.0289307,1386.12,0.0289888
0.253431,-0.578428,344.836,0.000173493,1.56493,0.0311372,0.143062,0.144998,9.42535,9.23304,0.0166085,0.172051,2.67632,11.0735,1602,0.000575422,0.0291346,1404.4,0.0289242
0.258469,-0.589238,357.687,3.11333e-05,1.57772,0.0313663,0.143811,0.147396,9.93046,9.91274,0.0157766,0.174898,2.71081,11.4979,1576,-2.5419e-05,0.0296419,1431.2,0.0325189
0.263594,-0.599269,369.905,0.000657218,1.54706,0.0310056,0.150236,0.14831,10.6172,10.5942,0.0134025,0.174149,2.72562,11.8991,1550,0.000305545,0.0294834,1436.42,0.0290305
0.268708,-0.610543,383.895,0.000538002,1.58818,0.0314126,0.157867,0.155246,11.3712,11.3358,0.016065,0.175252,2.76727,12.1002,1526,-2.1575e-06,0.0297886,1463.27,0.0289591
0.273794,-0.621713,397.959,-0.000622072,1.56423,0.0311459,0.161532,0.156304,12.218,12.1646,0.0164705,0.175968,2.79369,12.2985,1507,0.000220211,0.0301223,1496.36,0.0288978
0.278917,-0.632833,412.259,0.000602443,1.58407,0.0312952,0.168884,0.162099,13.087,13.0103,0.0161445,0.175902,2.81772,12.3344,1481,0.000528366,0.0301459,1490.41,0.0289713
0.284021,-0.643546,426.204,-3.60377e-05,1.57366,0.0313144,0.170425,0.161758,14.116,14.0042,0.0166704,0.177156,2.85468,12.5335,1455,-0.000393067,0.0307081,1551.49,0.0289633
0.289194,-0.655017,441.514,0.000879319,1.58701,0.0315388,0.181449,0.164391,15.2734,15.1017,0.0166913,0.17753,2.89916,12.7023,1431,0.000354399,0.0307082,1546.46,0.0289531
0.2943,-0.666082,456.463,0.000236611,1.58655,0.0314941,0.186216,0.168005,16.426,16.1969,0.0162532,0.177998,2.9196,12.9976,1411,-2.55902e-05,0.0308508,1566.11,0.0287908
0.299428,-0.676664,470.998,0.000148941,1.62817,0.0319283,0.191416,0.174952,17.789,17.4576,0.0169052,0.177034,2.96042,13.1469,1396,-0.000160141,0.0314475,1627.76,0.0289035
0.304575,-0.687847,486.636,0.000523818,1.65646,0.0320561,0.199226,0.184024,19.2861,18.8184,0.0174254,0.179122,3.0042,13.2513,1372,0.000126635,0.0314721,1649.88,0.0288512
0.309706,-0.698884,502.327,-5.96449e-05,1.62543,0.031784,0.207737,0.183023,20.9748,20.3168,0.0176053,0.178688,3.02838,13.4096,1351,-2.53934e-05,0.032214,1710.66,0.0290243
0.314816,-0.710332,518.832,2.68417e-05,1.58625,0.0313439,0.213184,0.182665,22.8935,21.9652,0.0190347,0.179852,3.07061,13.7317,1338,0.000347165,0.0319879,1670.79,0.0289475
0.319943,-0.722079,536.134,0.000233095,1.58307,0.0313315,0.227422,0.184878,24.8011,23.5712,0.0203472,0.180289,3.12146,13.9729,1323,-0.000373698,0.03267,1750.03,0.0289534
0.324988,-0.733067,552.444,0.000336242,1.62262,0.0317788,0.228038,0.191253,27.222,25.5129,0.0227927,0.181489,3.17044,14.1835,1303,-0.000101425,0.0330662,1802.56,0.0289631
0.330106,-0.743833,568.705,-5.15222e-05,1.58481,0.0313165,0.233045,0.191642,29.6341,27.3168,0.0254677,0.181251,3.21511,14.3785,1288,0.000264101,0.0330657,1797.97,0.0290334
0.335248,-0.755059,586.004,-5.70629e-06,1.57941,0.0312498,0.247956,0.194251,32.639,29.3136,0.0281328,0.182116,3.24658,14.5702,1270,0.000436039,0.0335042,1845.85,0.0290061
0.340311,-0.766825,604.338,-2.99088e-05,1.60838,0.0315019,0.255362,0.201531,35.6938,31.508,0.0312487,0.182359,3.31044,14.757,1254,-0.000314043,0.0343318,1935.79,0.0315681
0.345375,-0.777184,620.683,0.000559102,1.62007,0.031837,0.259044,0.201059,38.77,33.5584,0.0367587,0.183536,3.34486,14.9841,1232,-0.000142428,0.0341707,1932.99,0.0290469
0.350478,-0.788114,638.213,-0.000130417,1.61093,0.0316248,0.267976,0.205659,42.7183,35.803,0.0426212,0.18396,3.39098,15.2466,1218,0.00069595,0.0342958,1945.56,0.028953
0.355569,-0.799801,657.333,-4.88574e-05,1.58274,0.0311836,0.290634,0.208715,47.13,37.9404,0.0522505,0.184967,3.45707,15.5915,1203,0.000661139,0.035389,2065.84,0.0290035
0.360529,-0.81118,676.162,-0.000615111,1.5931,0.0314132,0.306303,0.210053,52.0674,40.0756,0.0627456,0.185572,3.51059,15.8834,1184,-0.000495018,0.035365,2055.62,0.0307188
0.365428,-0.822376,694.804,0.000107768,1.58943,0.0315338,0.303165,0.208727,56.8837,42.1109,0.0748338,0.18612,3.5704,16.2583,1167,0.000552531,0.0366046,2188.11,0.0312765
0.370418,-0.832639,712.165,-0.000334445,1.57309,0.0312132,0.307138,0.213157,62.2314,44.11,0.0864363,0.186527,3.62658,16.8563,1154,-0.00048149,0.0369232,2235.9,0.0291733
0.375445,-0.843248,730.386,0.000196491,1.55566,0.0311537,0.317574,0.21093,67.919,45.772,0.101067,0.187645,3.68579,17.3235,1145,0.000250527,0.0372609,2286.98,0.0289298
0.380455,-0.854041,749.092,-0.000212134,1.54758,0.0308818,0.318554,0.21724,74.1753,47.3766,0.117062,0.188849,3.73135,17.7412,1129,-0.000373097,0.0381949,2406.41,0.0289942
0.385524,-0.865492,769.282,-0.000293557,1.5442,0.0309662,0.331143,0.216772,81.4874,48.3954,0.13714,0.188479,3.80342,18.0195,1121,-0.000208059,0.0385587,2456.35,0.0287876
0.390562,-0.876631,789.123,0.000422862,1.52253,0.0307357,0.335308,0.216828,89.4233,49.5821,0.157875,0.188834,3.87201,18.0603,1110,-0.000371039,0.0386497,2478.35,0.0289996
0.395634,-0.887944,809.619,-0.000401916,1.53007,0.0309095,0.352371,0.21829,98.214,51.0103,0.179051,0.189221,3.93335,18.3535,1101,0.000157082,0.0400412,2650.6,0.0290631
0.400645,-0.898898,829.647,-0.000350723,1.5048,0.0306063,0.359043,0.218579,107.877,51.2405,0.205044,0.190708,4.03714,18.737,1089,-0.000149631,0.0399987,2640.89,0.028853
0.405674,-0.909917,850.09,0.000591244,1.50961,0.0307395,0.373604,0.219882,116.022,51.3955,0.228708,0.191197,4.07439,18.7804,1073,-0.000228894,0.0412722,2809.99,0.0290753
0.410664,-0.921155,871.144,-4.55001e-05,1.50614,0.03068,0.379828,0.222697,127.085,51.2918,0.257196,0.19135,4.17905,18.8846,1057,0.000217168,0.0421281,2919.02,0.0289858
0.415675,-0.93167,891.182,-0.000463302,1.52096,0.0306285,0.404524,0.232918,137.042,50.7355,0.283316,0.191716,4.26244,19.1768,1046,0.000510683,0.0425964,2997.43,0.0289375
0.42059,-0.942958,912.743,8.80232e-05,1.47828,0.0301464,0.395149,0.230338,148.656,50.1701,0.310981,0.192061,4.32288,19.6306,1033,-2.74949e-05,0.0432625,3077.76,0.028986
0.425621,-0.953893,933.983,4.71062e-05,1.42614,0.0298772,0.404374,0.217949,160.364,49.117,0.343226,0.193488,4.41786,20.0396,1017,0.000834056,0.0443546,3217.5,0.0289322
0.430654,-0.965682,957.144,-0.000317299,1.43827,0.0298541,0.411898,0.226357,171.17,48.3095,0.369661,0.193663,4.52875,20.7791,1001,-0.000380838,0.0460202,3483.11,0.0290041
0.4357,-0.977454,980.594,-0.000426964,1.44618,0.0300617,0.426522,0.226908,185.357,46.7824,0.402887,0.19419,4.59976,20.891,984,3.9243e-05,0.0463527,3507.34,0.0288671
0.440717,-0.988112,1002.11,3.17053e-05,1.42909,0.0297965,0.448692,0.229153,196.969,45.1199,0.431366,0.194564,4.72219,20.6643,974,-0.000448797,0.0474124,3665.51,0.029644
0.445665,-0.999841,1025.98,-0.000159951,1.40817,0.0295576,0.458661,0.22887,209.838,43.1976,0.460921,0.194654,4.83303,21.0461,965,-0.000348128,0.0479782,3802.12,0.0291832
0.450613,-1.01154,1050.07,-0.000490042,1.36033,0.0290455,0.466768,0.223703,222.092,41.4775,0.489028,0.195541,4.9692,21.0501,958,-8.99877e-06,0.0491435,4010.13,0.0290152
0.455573,-1.02216,1072.18,0.000291121,1.38539,0.0292719,0.474989,0.231423,235.366,39.9161,0.517713,0.196423,5.07288,21.4497,951,-0.000128754,0.0506722,4251.39,0.0289119
0.460544,-1.03331,1095.6,0.000101857,1.35908,0.0291336,0.476406,0.225642,247.747,38.2326,0.54209,0.196739,5.17818,21.5356,943,0.000280405,0.0517719,4443.22,0.0289242
0.465562,-1.04446,1119.34,-0.000486192,1.34974,0.0289305,0.490904,0.229373,259.082,35.8356,0.568198,0.197241,5.34422,21.6345,931,0.000176924,0.0537607,4728.32,0.0288682
0.470558,-1.05667,1145.67,-6.1619e-05,1.32386,0.0285674,0.511433,0.229717,270.769,34.2638,0.590614,0.197623,5.49689,21.6758,924,0.000737441,0.055805,5093.27,0.0289754
0.475506,-1.06825,1170.85,-0.000480123,1.34058,0.0287563,0.519469,0.234808,282.944,32.3069,0.615719,0.198038,5.65758,21.7463,915,-0.000399539,0.0564556,5269.45,0.029001
0.480468,-1.07876,1194.01,0.000209632,1.28569,0.02824,0.544584,0.225364,293.616,30.3101,0.636436,0.198517,5.79149,22.116,905,-0.000232043,0.0589896,5718.71,0.0289122
0.485364,-1.09012,1219.11,0.000628016,1.26361,0.0281036,0.526818,0.220763,304.368,29.3874,0.655693,0.198546,5.9454,22.3337,900,0.000593182,0.0603919,5988.37,0.0289162
0.490392,-1.10216,1246.17,0.00052821,1.23352,0.0276662,0.542918,0.220545,314.97,27.5775,0.67605,0.199095,6.09642,22.4827,892,-0.000250299,0.061328,6160.43,0.0289515
0.495397,-1.11336,1271.55,-0.000206931,1.21064,0.0274437,0.548309,0.217681,323.997,26.5246,0.690762,0.199577,6.29417,22.7362,882,-0.00144091,0.0638468,6714.21,0.028966
0.500428,-1.12456,1297.23,0.000100078,1.19708,0.0272345,0.563575,0.218969,333.128,25.1869,0.70724,0.199823,6.48889,23.1377,876,-0.000508397,0.0663458,7136.56,0.028851
0.505441,-1.13589,1323.46,-0.000353085,1.17645,0.0270054,0.573653,0.217163,342.07,24.3813,0.720455,0.200504,6.67146,23.3691,864,0.000117562,0.0681541,7634.42,0.0288443
0.510459,-1.14663,1348.54,0.000157953,1.1846,0.0270991,0.577768,0.220831,350.435,23.2743,0.734124,0.200668,6.87263,23.8254,852,0.00146096,0.0710891,8207.65,0.0289717
0.515509,-1.15775,1374.78,-5.69297e-05,1.14254,0.0266905,0.590107,0.212937,358.627,22.8132,0.744072,0.200867,7.05738,24.1121,840,0.000328241,0.0732507,8679.07,0.0289805
0.520556,-1.16856,1400.58,0.000159552,1.14738,0.0267671,0.614353,0.215357,365.364,21.5529,0.757292,0.201144,7.2586,24.2034,832,-0.00130043,0.0750782,9152.9,0.0289309
0.52555,-1.18008,1428.25,0.000258369,1.13965,0.0266675,0.615369,0.216228,372.484,21.5078,0.764294,0.20149,7.50322,24.3479,821,0.00065498,0.0775898,9814.02,0.0289983
0.530588,-1.19195,1457.18,-2.52169e-05,1.10109,0.0259903,0.655307,0.217214,379.517,20.3757,0.77635,0.202271,7.75767,24.4581,813,-0.00102719,0.0815584,10785.9,0.0289304
0.535517,-1.20333,1485.06,-0.000255415,1.07194,0.0257713,0.660606,0.209837,386.182,20.6583,0.782214,0.203024,8.00643,24.7752,802,0.000387947,0.0852987,11843.2,0.0289843
0.540471,-1.21463,1513.02,-0.000223991,1.05521,0.0255747,0.67002,0.208325,392.213,19.405,0.793072,0.203598,8.29044,25.4133,793,0.000622285,0.0889116,12867.1,0.0290442
0.545437,-1.22644,1542.58,-0.00027516,1.00787,0.0248877,0.691988,0.203778,398.995,18.907,0.801403,0.204259,8.58765,25.3274,785,0.00220832,0.0916845,13696.9,0.0291086
0.550367,-1.23733,1570.05,0.000154809,0.99153,0.0248152,0.706804,0.198659,403.786,19.7515,0.803323,0.20496,8.84868,25.7314,781,-0.000178176,0.0954774,14841.6,0.0290687
0.55529,-1.24941,1600.85,-1.1457e-05,0.952871,0.0243317,0.729656,0.19248,410.211,19.6315,0.810363,0.205744,9.15321,26.2057,773,-0.0014397,0.101232,16699.9,0.0290782
0.560178,-1.26129,1631.42,0.000230958,0.94924,0.0241973,0.745896,0.195882,415.108,19.3288,0.813097,0.206774,9.49177,26.4659,769,0.00136123,0.106375,18314.5,0.0290766
0.565056,-1.27347,1663.11,-0.00020488,0.909458,0.0235506,0.786404,0.192975,421.205,19.2853,0.818417,0.207768,9.8536,26.7902,764,-0.00125457,0.114664,21125.2,0.0292229
0.569848,-1.28502,1693.42,0.000109698,0.877405,0.0232604,0.81738,0.184274,426.567,19.7675,0.817634,0.208942,10.2036,27.2226,756,0.00135359,0.120414,23240.5,0.0291775
0.574587,-1.29676,1724.57,-0.000222372,0.848998,0.0229059,0.869143,0.179114,432.476,19.8678,0.821238,0.209997,10.5898,27.5991,751,0.000702063,0.127527,26306.7,0.0293158
0.579222,-1.30896,1757.17,2.48544e-05,0.825868,0.0224846,0.896173,0.178503,439.026,19.5711,0.823427,0.211157,10.9969,28.1316,742,-0.000136993,0.138383,30587.9,0.0291922
0.583823,-1.32136,1790.61,0.000193239,0.787704,0.0220152,0.922127,0.170128,444.809,19.8864,0.823506,0.212347,11.4452,28.393,736,0.000133194,0.153106,36847.5,0.0291704
0.588395,-1.33398,1824.93,0.000442025,0.75274,0.021617,0.944132,0.161356,451.227,19.6005,0.824154,0.213333,11.9017,28.8176,730,-0.00136578,0.166517,42944.3,0.029017
0.592949,-1.34644,1859.11,8.49185e-05,0.726182,0.0211677,0.951645,0.158529,457.726,19.6095,0.824707,0.214347,12.3204,29.2571,721,-0.00236876,0.17964,49337.1,0.0288497
0.59752,-1.35922,1894.44,-0.000221637,0.698253,0.0207223,0.933189,0.15448,465.733,19.1632,0.824935,0.215328,12.7832,29.5676,712,-0.00089374,0.193262,56313.7,0.0287232
0.602171,-1.3705,1925.81,-0.000180838,0.686372,0.02056,0.892694,0.152658,472.169,19.2765,0.823932,0.216086,13.1807,30.0528,710,-0.00291591,0.206867,62751,0.0285811
0.606964,-1.38255,1959.64,-0.000133946,0.650785,0.0199763,0.852211,0.146979,478.71,19.1041,0.822265,0.216812,13.5685,30.3497,703,-0.000321238,0.225334,72757.7,0.0284358
0.611908,-1.39344,1990.44,0.000153251,0.634909,0.0197464,0.809303,0.144184,485.4,19.0122,0.821658,0.217335,13.9478,30.958,699,-0.00104511,0.238121,80213.6,0.0283132
0.617023,-1.40374,2019.87,-0.000265735,0.605139,0.0192628,0.799247,0.13894,493.247,18.1338,0.824972,0.217744,14.2762,31.02,693,-0.0036013,0.251507,87921.9,0.028222
0.622213,-1.41403,2049.38,-9.89417e-05,0.569102,0.0186404,0.744691,0.132717,498.361,18.245,0.821723,0.21803,14.594,31.6853,684,-0.00131234,0.262183,94818.8,0.0282285
0.627635,-1.42423,2078.9,0.000311881,0.549345,0.0183697,0.699971,0.127913,505.238,17.5145,0.826955,0.21828,14.8803,31.9052,680,0.00417251,0.273809,102919,0.0282024
0.633276,-1.43421,2108.05,-0.000281052,0.53933,0.0182379,0.693745,0.125847,512.3,17.1506,0.827511,0.218413,15.1234,32.0233,670,0.00204031,0.283229,108689,0.0282577
0.638994,-1.44405,2136.93,-8.41562e-05,0.520303,0.017884,0.649632,0.123192,515.853,15.8368,0.832401,0.218554,15.3668,32.0744,665,0.00069273,0.292982,115460,0.0281318
0.644955,-1.4535,2164.8,0.000159228,0.50278,0.0175834,0.596128,0.120081,522.721,16.1109,0.833411,0.218616,15.5929,32.1706,652,-0.00185358,0.30451,123758,0.0280956
0.651237,-1.46222,2190.74,-8.11537e-05,0.48209,0.0172337,0.564333,0.115895,526.547,15.448,0.837102,0.218647,15.766,32.4965,644,-0.00367638,0.310092,128539,0.0281262
0.657756,-1.47039,2215.17,0.000151304,0.482043,0.0172473,0.532263,0.116709,531.38,14.7394,0.843365,0.218725,15.9371,32.7003,643,0.00979036,0.317396,133947,0.0282543
0.664536,-1.4782,2238.65,-0.000102388,0.473063,0.0170937,0.493134,0.115533,535.07,15.3323,0.839699,0.218734,16.0802,33.3088,640,-0.00410269,0.322901,138044,0.0282496
0.671652,-1.48598,2262.18,-0.000156064,0.463834,0.0169034,0.475232,0.115022,538.39,14.0901,0.847848,0.218741,16.2201,33.6728,635,0.000307857,0.325268,139995,0.0282849
0.678979,-1.49374,2285.77,0.000153643,0.448304,0.0166213,0.440773,0.112306,543.049,13.7492,0.852116,0.21875,16.361,34.4901,631,4.98563e-05,0.3342,146498,0.0282286
0.686669,-1.5012,2308.59,-0.000249302,0.434637,0.0163519,0.420557,0.110441,547.266,13.336,0.852712,0.21875,16.4732,34.5739,627,-0.00300195,0.340168,152365,0.0282344
0.694632,-1.50772,2328.6,-3.42108e-05,0.42823,0.0163042,0.390448,0.108379,549.212,13.3965,0.858713,0.21875,16.5719,35.1056,623,-0.00668704,0.340332,153262,0.0282343
0.702991,-1.51443,2349.34,-5.93631e-05,0.418291,0.0161686,0.389425,0.105864,553.032,12.6839,0.858358,0.21875,16.6597,35.5612,617,0.00817825,0.343405,155982,0.0282737
0.711462,-1.52097,2369.61,-9.7404e-05,0.419576,0.0161326,0.372562,0.108903,555.704,12.9818,0.860521,0.218756,16.7478,36.0964,609,0.00276573,0.349524,161248,0.0283101
0.720228,-1.52691,2388.11,9.16252e-05,0.411143,0.0159571,0.357684,0.108324,558.233,12.1673,0.865058,0.218756,16.8249,36.3206,596,-0.000202774,0.349597,161569,0.0282137
0.729284,-1.53289,2406.81,0.000109707,0.407949,0.015919,0.34883,0.108264,560.343,11.528,0.868485,0.218762,16.8949,36.6536,593,0.00586554,0.353781,165786,0.0282411
0.738569,-1.53874,2425.17,6.9328e-05,0.405089,0.0159154,0.331935,0.107617,562.998,11.5305,0.869409,0.218765,16.9811,36.7487,587,-0.00249696,0.357424,169333,0.0282572
0.748209,-1.54436,2442.87,-0.000101798,0.406437,0.015985,0.326598,0.10833,565.886,10.5497,0.876273,0.218756,17.049,37.0657,583,0.00780727,0.363922,173949,0.0283024
0.758054,-1.55012,2461.07,-0.00027216,0.401896,0.0158248,0.30473,0.110269,566.109,10.1531,0.878082,0.218756,17.1143,37.4269,576,-0.00216179,0.365212,175959,0.0282518
0.768381,-1.55542,2477.88,0.000118966,0.404504,0.0158175,0.292346,0.113955,567.871,9.89332,0.881737,0.218756,17.1753,38.0722,572,-0.00752663,0.370045,180091,0.0283934
0.779067,-1.56066,2494.57,5.42535e-05,0.407342,0.0160229,0.278344,0.112533,571.01,10.0396,0.882809,0.218756,17.2365,37.9438,569,-0.00280303,0.3698,180791,0.028312
0.790172,-1.56558,2510.3,-0.000292256,0.41218,0.0160702,0.267031,0.116732,573.485,9.07352,0.886072,0.218753,17.2887,38.2348,567,-0.00121873,0.368277,180138,0.028247
0.80167,-1.57033,2525.52,6.7117e-05,0.412448,0.0160314,0.25791,0.11967,572.94,9.58732,0.886693,0.218753,17.3372,38.6336,563,-0.000424434,0.375085,185308,0.0283165
0.813541,-1.57493,2540.31,-0.00038602,0.408606,0.0159987,0.253247,0.119186,575.78,8.59829,0.890408,0.218759,17.3649,39.2748,557,0.00314457,0.372961,184667,0.0283895
0.825698,-1.57959,2555.36,-0.00011279,0.413508,0.0161386,0.250113,0.121215,576.213,8.38433,0.895163,0.218771,17.398,39.7872,553,-0.00702449,0.374971,186397,0.0283997
0.838113,-1.58389,2569.24,-6.22235e-05,0.416626,0.0161397,0.240051,0.12562,576.067,7.50306,0.900305,0.218768,17.4331,40.165,550,0.00629302,0.378705,189994,0.0283005
0.850977,-1.58809,2582.87,-5.87435e-05,0.420795,0.0162063,0.230993,0.129218,580.96,7.39156,0.900093,0.218759,17.4569,40.1464,546,0.00660096,0.377057,189688,0.0283484
0.864292,-1.59209,2595.89,6.49628e-05,0.427121,0.0163585,0.226285,0.132322,579.671,6.96564,0.903706,0.218772,17.4815,40.4994,538,-0.00182744,0.377544,189617,0.028436
0.877955,-1.59617,2609.19,-0.000303317,0.438814,0.0166056,0.214031,0.137356,582.229,6.85349,0.904656,0.218775,17.5083,40.3766,534,0.0018313,0.380603,192464,0.0282594
0.892225,-1.59994,2621.5,-0.000279871,0.456039,0.0168776,0.204079,0.146637,582.594,6.11541,0.908886,0.218775,17.5358,40.4193,528,0.00388949,0.380472,193053,0.0283416
0.907077,-1.60353,2633.26,0.00010808,0.46316,0.0170585,0.201624,0.149834,583.757,5.83112,0.912357,0.218815,17.5672,40.5127,525,-0.000834059,0.383298,195367,0.0283033
0.922268,-1.60714,2645.12,1.81731e-05,0.46497,0.0171529,0.196747,0.150964,584.673,5.40354,0.914089,0.218814,17.577,40.9128,519,-0.00512174,0.386004,198288,0.0283034
0.937904,-1.61066,2656.71,-0.00014391,0.481662,0.0174162,0.193725,0.160435,584.22,5.42275,0.916211,0.218817,17.5904,41.1749,516,0.00897182,0.382522,195311,0.0283222
0.953928,-1.6141,2668.04,-0.000532375,0.504792,0.0177982,0.189149,0.172101,583.328,4.8122,0.920866,0.218829,17.5937,41.3841,510,5.72652e-07,0.385114,197834,0.0283706
0.970422,-1.61735,2678.78,-0.000117272,0.526182,0.0182279,0.180793,0.180452,582.989,4.39071,0.924516,0.218863,17.585,41.7613,501,-0.00155643,0.385064,197924,0.028219
0.987584,-1.62053,2689.33,5.63659e-05,0.551969,0.0186491,0.172974,0.193402,585.653,4.033,0.926776,0.218906,17.5837,42.1743,498,0.00305942,0.387894,199916,0.0282342
1.00544,-1.6237,2699.84,9.91628e-05,0.562493,0.0188222,0.169607,0.200801,582.966,3.89442,0.928569,0.218909,17.5796,42.2004,494,0.00224775,0.387546,199915,0.0282654
1.0238,-1.62657,2709.38,-0.000208516,0.575799,0.0189837,0.166396,0.211689,584.061,3.64257,0.931439,0.218945,17.5591,42.5603,492,-0.000281382,0.382192,196490,0.028308
1.04267,-1.62952,2719.2,-0.000325457,0.594919,0.0192455,0.159554,0.224843,582.264,3.34279,0.934768,0.218964,17.5731,42.7958,487,-0.00182905,0.38287,197323,0.0282634
1.0623,-1.63241,2728.85,6.24479e-05,0.621475,0.019722,0.153534,0.237086,582.74,3.07148,0.937019,0.218974,17.5358,42.9181,482,-0.00264005,0.377468,193414,0.0283325
1.08269,-1.63506,2737.72,-0.000168544,0.640258,0.0200312,0.147912,0.248348,581.733,2.76939,0.939623,0.219015,17.5046,43.0478,478,0.00415239,0.380429,195777,0.0283465
1.10386,-1.63769,2746.53,9.81317e-05,0.668804,0.0204597,0.145818,0.265101,582.555,2.77128,0.94187,0.219048,17.4814,43.4366,477,0.00185651,0.380151,195484,0.0284134
1.1256,-1.64019,2754.9,-0.00036128,0.698288,0.0209665,0.143698,0.279312,579.84,2.93776,0.938634,0.219104,17.4573,43.4768,474,0.000194169,0.379942,196161,0.0283802
1.14793,-1.64267,2763.23,-0.000110057,0.736755,0.0214966,0.138455,0.302548,580.589,2.36382,0.946684,0.219199,17.4405,43.9316,473,-0.000276097,0.382587,198282,0.0283526
1.17113,-1.64509,2771.37,-0.000421085,0.775949,0.0220514,0.136569,0.32559,574.475,2.21767,0.948935,0.219243,17.4072,44.1019,469,0.000562217,0.377634,194263,0.0283544
1.19496,-1.64748,2779.45,-0.000341334,0.814793,0.0225423,0.154185,0.351845,579.432,1.92249,0.950434,0.219315,17.3737,44.4906,465,-0.00145694,0.374425,191939,0.028782
1.21784,-1.65083,2790.86,-0.000440539,0.849583,0.0229232,0.343906,0.379357,577.629,1.94629,0.952292,0.219817,17.4127,46.0475,463,0.00336446,0.370179,190215,0.034501
1.23346,-1.65726,2813.11,-6.43486e-05,0.827946,0.0219494,1.06985,0.412722,575.557,1.48839,0.96253,0.221513,17.6834,80.4954,457,-0.00805875,0.351149,177996,0.0425806
1.24243,-1.66624,2844.33,0.000162023,0.773658,0.0203071,2.05114,0.436566,576.465,1.30808,0.967291,0.224089,18.1415,236.048,450,0.00208802,0.33761,176226,0.0365025
1.24895,-1.67706,2881.94,-3.81982e-05,0.685672,0.0178625,2.98862,0.448305,590.81,1.01521,0.973232,0.227374,18.6918,610.283,446,-0.00544151,0.332556,190036,0.0330968
1.25438,-1.68878,2922.73,4.15968e-05,0.580766,0.0150839,3.61143,0.436252,618.976,0.804476,0.980477,0.230964,19.2982,1249.46,437,-0.007592,0.368605,247832,0.0311101
1.25934,-1.7008,2964.58,-3.04388e-05,0.462777,0.0121172,3.83519,0.393454,666.011,0.465257,0.988287,0.234682,19.9444,2170.71,423,-0.00946007,0.425488,330935,0.0297417
1.26418,-1.7125,3005.28,0.000235192,0.35292,0.00930827,3.6101,0.333992,729.666,0.236454,0.993426,0.23835,20.573,3323.77,411,-0.00562944,0.515646,448143,0.0286035
1.26918,-1.72276,3041.03,-0.000135634,0.253572,0.00675727,3.05137,0.262487,792.112,0.142758,0.995833,0.241536,21.1346,4566.3,394,-0.00472509,0.623826,586266,0.0275457
1.27465,-1.73162,3071.87,-3.44078e-05,0.169313,0.00457817,2.30076,0.188458,857.71,0.0386975,0.998713,0.244328,21.6259,5797.91,364,-0.00332016,0.72078,708589,0.0264939
1.28097,-1.73842,3095.57,-4.29849e-05,0.105599,0.00292028,1.55199,0.124083,915.807,0.0260365,0.999116,0.246484,21.9999,6857.27,316,0.00510848,0.827919,838974,0.025294
1.2887,-1.74414,3115.53,-6.26848e-05,0.0514772,0.00148871,0.800223,0.063414,968.805,0.000198728,0.999801,0.248314,22.3201,7820.25,242,-0.00178875,0.912383,941506,0.0238669
1.29953,-1.7474,3126.88,4.41866e-05,0.0195987,0.00065621,0.324354,0.0248961,1001.78,0,1,0.249358,22.5086,8400.7,136,0.00231592,0.964947,1.00651e+06,0.0215547
1.31669,-1.7491,3132.8,7.74435e-07,0.00436162,0.000257887,0.0623723,0.00565324,1018.71,0,1,0.249885,22.6035,8703.1,35,-0.0044652,0.992015,1.03874e+06,0.0182413
1.35634,-1.74958,3134.49,1.93878e-07,0.000300511,0.000121949,0.00570127,0.000386939,1021.23,9.92654e-05,0.999901,0.25,22.6246,8789.07,5,-0.00207973,0.998074,1.0463e+06,0.0131422
1.49142,-1.74984,3135.43,-1.93762e-07,0.000105019,4.51466e-05,0.00261895,0.000153515,1022.33,9.92063e-05,0.999901,0.25,22.6264,8805.83,4,0.0134861,0.998316,1.04671e+06,0.0212127
1.71057,-1.74997,3135.9,-5.79792e-07,1.66207e-05,8.31035e-06,0.00059322,2.83099e-05,1021.46,0,1,0.25,22.6272,8810.55,4,-0.0147456,0.998698,1.04719e+06,0.0178795
